ticket_id,customer_id,issue_type,description,status,priority,created_date,resolved_date
1,1365,Delivery delay,Road tonight treatment rate sort knowledge. High field machine place civil go respond reach. Political hand section kid. Tell away physical along seat final item.,Open,Critical,2025-05-16 23:39:36,2025-09-23 01:58:05
2,3488,Product defect,Continue tough own present someone either. Challenge expect college enjoy treat. Small hit figure section sell she suddenly.,In Progress,Medium,2025-02-11 03:44:54,2025-11-25 04:26:34
3,696,Delivery delay,Song since half work. Discussion authority compare.,Open,High,2025-06-07 01:29:59,2025-11-22 17:02:23
4,1162,Account access,Look certainly near agent onto be. Drop enough boy decade matter walk but.,Resolved,Low,2025-03-14 05:56:16,
5,1651,Product defect,Yard moment suffer want evening. Need particularly across interest pass point wind long. Later trouble join fund under couple pay.,Resolved,Low,2025-11-06 15:03:48,
6,3552,Account access,Well receive audience leave chance especially language. Become hold reflect energy new. Common forget professional tell hope score have. Feeling issue bank my training.,Closed,Low,2025-03-09 18:11:13,2025-12-23 21:56:33
7,341,Account access,Treat whole up. Skill religious natural nearly financial risk.,Resolved,High,2025-11-06 17:27:08,2025-10-15 10:21:57
8,3355,Payment issue,Believe choose member student.,In Progress,Medium,2025-10-03 20:22:13,2025-08-03 18:28:42
9,2787,Return request,State pattern capital quite push strong we. Deep method majority. View I wide on themselves.,Open,High,2025-01-19 06:38:55,
10,3349,Account access,Debate indeed drive really kitchen guy. Actually seem city between term. Board political card.,Closed,Low,2025-03-04 08:19:21,
11,4170,Product defect,Plan form change character loss. Lay who listen challenge read even fire.,Resolved,Critical,2025-03-11 09:39:41,2025-09-15 14:36:56
12,769,Payment issue,Situation church piece. Administration summer good night for oil.,In Progress,Critical,2025-07-28 04:49:51,
13,1494,Account access,Rock investment smile remain. Among quickly find job benefit sound oil fall. Forward cold husband.,Closed,Medium,2025-01-19 05:07:06,2025-07-31 16:05:43
14,3756,Payment issue,Recent other simple. Interview media cause every.,Closed,Low,2025-09-04 05:49:45,2025-12-12 16:21:35
15,4844,Delivery delay,Good guy turn market democratic apply show kind. Fight so imagine myself. Talk police machine home place. Candidate free instead anything become rich cover.,In Progress,Medium,2025-11-03 18:20:35,2025-10-23 12:53:14
16,397,Product defect,Young anything owner debate debate special down.,Closed,Medium,2025-12-05 17:14:28,2025-12-25 04:57:45
17,1443,Account access,Condition democratic building skin understand. Hair my where leader. Role onto common purpose difference oil.,Resolved,High,2025-08-17 15:20:48,2025-08-10 22:54:21
18,2553,Account access,Those open city.,Resolved,Low,2025-05-05 00:06:55,
19,38,Account access,Understand time follow force understand decide nearly.,In Progress,Critical,2025-07-30 06:40:22,
20,3122,Payment issue,Lose cultural yourself data character movie. Capital ahead employee shoulder middle father. Close east region eight relate sit.,Resolved,Low,2025-03-14 04:41:43,2025-09-13 20:08:24
21,2976,Payment issue,Cost law leader professional too benefit political. Factor former together. Something where management information source.,In Progress,Medium,2025-01-31 15:17:55,
22,2423,Account access,Policy as here concern prepare. Model popular become leg raise hundred suggest. Unit different quite former.,Resolved,High,2025-06-29 14:57:53,2025-07-10 01:15:05
23,2602,Payment issue,Exactly front phone near standard. Government phone election ten away.,In Progress,Critical,2025-07-01 16:02:19,2025-11-28 08:41:26
24,617,Return request,Season model two alone. Property somebody fish various late wall. Bit into teach modern week hand piece.,Open,Low,2025-09-28 00:53:05,2025-07-24 02:19:09
25,2891,Product defect,Keep series glass better. Degree more far scene name. Training security describe behavior him whom song. Office along perform its nice individual.,Open,High,2025-03-25 19:23:03,2025-08-03 03:01:45
26,4841,Return request,Particularly sense add sign. Bank direction population side as law. Grow bill six only someone pull central indeed. Article yourself book inside in machine.,Open,Low,2025-06-07 09:50:59,2025-11-15 11:19:06
27,3851,Return request,Near person edge school former go there. Argue surface market put drive standard.,Closed,High,2025-09-26 14:39:46,
28,3991,Delivery delay,Also worker if list value. Get affect white score key foot model.,Open,High,2025-04-19 23:23:55,
29,88,Payment issue,War outside exactly. Amount modern never treatment. Leader actually happen role detail effect staff.,Resolved,Low,2025-03-26 22:35:46,2025-12-28 01:33:43
30,2051,Payment issue,Suddenly newspaper nearly. Significant produce value city heart.,Open,Critical,2025-11-09 19:06:45,
31,3652,Product defect,It staff know number seat. Other race operation several executive.,Resolved,Low,2025-11-14 08:28:19,2025-12-17 11:46:08
32,3911,Delivery delay,Reality media sense yourself. Degree site money realize central significant watch yet. Memory see how especially tax night center. Light probably management site report together.,In Progress,High,2025-03-06 16:31:07,2025-08-28 05:56:56
33,4856,Return request,Whether source way shoulder election try other minute. Boy out treatment agency music office purpose.,In Progress,Medium,2025-07-14 05:06:51,2025-07-21 01:05:53
34,4145,Delivery delay,Successful score similar above need enough. Child life up safe bag.,Closed,Low,2025-03-15 01:08:39,2025-07-17 15:27:44
35,2337,Return request,Indeed central plant your point game become. Sometimes future letter set middle impact. Against consider bit east up what.,Closed,Critical,2025-03-16 14:08:40,2025-07-01 13:51:45
36,3113,Payment issue,Fine provide onto serious. Discover sense full kind. Mrs report plan shoulder data want.,In Progress,Critical,2025-05-29 00:31:48,2025-12-26 06:55:48
37,2923,Account access,Information bar wait son positive article manager research. Cold single cut than play side. Deal direction cultural where understand check.,Open,Medium,2025-07-02 16:35:13,2025-07-29 23:33:50
38,3423,Delivery delay,Seven prove here quality region list southern. Go particularly heart nature their. Certain ready skin feel network. Process east morning movement others.,Open,Critical,2025-05-01 08:39:06,2025-09-07 08:25:30
39,3218,Payment issue,Represent type social shake view cold minute. Deal carry lot ground would. No tax get. Among put yeah as fly camera others.,Open,Critical,2025-10-29 13:15:37,2025-09-15 10:17:19
40,408,Product defect,Region fine town place actually after what. Side player building stay.,Closed,Low,2025-11-27 15:57:33,2025-12-02 15:25:59
41,2661,Product defect,Leave per citizen pull key term. Blue Republican manager write defense begin.,Resolved,Critical,2025-03-14 16:01:29,2025-09-21 17:30:09
42,183,Return request,Officer rich trial safe simply serve. Catch week else. Gas power heavy respond.,Open,Medium,2025-02-21 12:49:12,2025-10-18 19:50:50
43,3033,Account access,Skill fear center conference word.,Open,Low,2025-02-20 11:56:21,2025-07-16 13:25:18
44,3025,Payment issue,Friend to let program since. Model candidate rest argue me offer. When something building.,In Progress,Critical,2025-07-28 01:41:37,2025-07-09 21:15:05
45,2104,Return request,Manager likely tonight prepare. Group decision case method part could sister.,In Progress,Critical,2025-07-16 15:53:22,2025-07-22 01:31:05
46,3383,Payment issue,Trial research against must. Good style into little send without.,Resolved,Medium,2025-08-26 16:07:38,2025-10-21 16:47:17
47,3218,Return request,Vote include firm. Sister pattern explain four no.,Closed,Low,2025-01-08 17:22:22,
48,3980,Product defect,Between dark his situation Mr. Television network high item ahead.,In Progress,Medium,2025-12-04 03:14:07,2025-07-26 15:03:44
49,2,Delivery delay,Some like who people smile. Later right main determine watch exist generation. Region data measure nothing another.,Open,High,2025-10-05 07:20:43,2025-12-12 10:31:14
50,2363,Return request,Form paper drive several institution power. Perform act huge rather less know return.,In Progress,High,2025-07-29 17:10:21,
51,328,Product defect,Fine support conference develop civil question piece. Couple institution hour game benefit than nothing. Doctor national civil foreign describe treat fine security.,Resolved,Low,2025-05-11 00:01:08,2025-10-14 09:47:58
52,3119,Return request,Break visit Congress everything easy. Letter phone hand thousand learn.,Open,Critical,2025-06-11 05:39:01,2025-08-03 05:04:04
53,545,Delivery delay,Foreign argue about operation company management dream. Letter much able task.,In Progress,Low,2025-09-14 05:29:55,
54,4345,Product defect,At woman attack main idea citizen again once.,Resolved,High,2025-05-04 23:17:02,
55,2374,Payment issue,Seven his expert if realize these future.,Open,Medium,2025-12-04 19:55:11,2025-10-19 01:30:53
56,2259,Product defect,Go physical record customer organization season few. Argue history next cut without memory.,Closed,Critical,2025-06-30 21:52:21,2025-07-01 23:22:54
57,2587,Return request,Exactly better community recognize amount decide. Law hot owner work attack.,Closed,High,2025-05-26 09:52:42,
58,3985,Product defect,Only agreement here lot arrive tree. Thank claim effect other. State risk piece be modern.,Open,Low,2024-12-30 20:18:45,2025-07-08 14:29:37
59,3424,Account access,Ago room certainly easy reveal different. Natural without pressure recognize age south political but. Form quality ground game risk.,In Progress,Critical,2025-01-08 22:03:02,2025-11-30 23:29:08
60,1331,Delivery delay,Work focus design catch today. Power people news election. Key floor time police true moment detail.,In Progress,High,2025-08-18 10:48:45,
61,3789,Account access,Green despite food yard. Throughout interest bag recent thought however over. Side hope push page teacher door relate heart. Particularly course recently give pick adult character.,Closed,Critical,2025-01-20 15:13:53,2025-07-30 11:51:11
62,446,Payment issue,Station Mrs professor between treat success number. Occur brother final increase. Ability girl indeed west.,Closed,Critical,2025-03-24 18:02:03,2025-08-11 05:54:38
63,1402,Payment issue,Million necessary family couple home.,Open,Medium,2025-01-03 15:23:42,
64,4308,Delivery delay,Democratic organization role our wide. Herself class table realize. Mention ever often have part.,In Progress,Medium,2025-10-05 08:46:42,2025-09-22 20:42:27
65,1562,Account access,Vote mission especially account yes. Wrong relate you evidence do Mrs attorney. Available thought talk pick present call government.,Resolved,Medium,2025-05-12 13:36:41,2025-12-06 15:37:42
66,2235,Product defect,Stay structure order contain want professor. Support feeling listen a. Various painting heart board.,Closed,High,2025-10-08 13:42:51,
67,2592,Product defect,Begin letter economic by past face another. Eat claim your simple seven pay. Candidate culture oil assume partner accept born can.,Closed,Low,2025-09-21 20:04:41,2025-08-27 01:30:39
68,1086,Return request,Drive either first. This trade indicate none follow purpose. Activity now drop forward camera truth.,Open,High,2025-12-01 07:09:55,2025-08-05 03:21:53
69,10,Product defect,Act or indicate all increase western president. Western game American force protect budget.,Resolved,Critical,2025-05-05 10:19:14,2025-12-19 17:26:14
70,2321,Delivery delay,Once play side them. Set structure end.,In Progress,Critical,2025-07-15 21:17:52,2025-10-27 09:05:11
71,914,Product defect,Away perhaps Congress heart carry need. Sign score enough stand. Administration former they.,In Progress,Low,2025-02-12 00:42:54,2025-10-27 02:58:48
72,2371,Delivery delay,Because himself move final suddenly leader. Case itself these base go three possible air.,Open,High,2025-03-11 02:03:46,
73,1877,Product defect,People effect property for special ground. Mind position mother whom adult spend member. Right result region young growth study just inside.,In Progress,Critical,2025-02-05 14:11:25,
74,2355,Return request,Parent present wear. Animal effect available party trial herself represent. Still affect rest structure firm.,Closed,Medium,2025-11-11 23:19:16,2025-12-10 17:06:38
75,3696,Account access,Animal manager born several along human. School gun over above seem after. May form letter not PM pick event.,Resolved,Medium,2025-06-03 22:27:42,2025-08-16 00:01:55
76,4180,Product defect,Describe financial star test win tough. Action agency same something anything less popular book.,In Progress,High,2025-04-25 07:08:16,2025-09-05 03:04:09
77,3344,Payment issue,Arm east body hospital become. Popular race oil measure determine daughter trouble.,Closed,Critical,2025-05-06 17:24:08,
78,263,Product defect,Money where professional arm pick. Road job particular behavior task rather.,Resolved,Medium,2025-08-09 23:52:52,2025-10-25 02:46:45
79,3354,Payment issue,Argue audience ten each manage senior nearly. Three necessary store bar. Hard song on identify forget discussion support key.,Open,High,2025-02-20 14:44:59,2025-08-17 14:09:24
80,2992,Payment issue,Without society left. Risk really key return bill yard west fast.,Open,High,2025-09-20 01:02:24,2025-09-05 08:41:19
81,1761,Account access,Now manager bring year idea forget you. Station property industry reason. Price term decide bring.,Resolved,High,2025-02-27 07:29:17,2025-10-18 15:22:35
82,3811,Delivery delay,Voice traditional body send ready people campaign girl. Probably above option strategy price care. Pay item blood only it case likely.,Open,Critical,2025-05-29 05:32:06,
83,4149,Return request,Billion tree institution animal green head interview. Kind modern find white machine manage.,Open,Medium,2025-09-27 12:56:34,2025-11-12 17:18:54
84,785,Product defect,Might price soon much attention usually. Plant left capital specific. Knowledge start body senior.,Open,Low,2025-03-10 18:34:31,
85,513,Delivery delay,Free ability good knowledge. Just movement decide expert individual popular. Person newspaper administration he occur interview each.,Closed,High,2025-09-19 19:19:26,2025-09-19 03:23:26
86,81,Account access,Window someone contain million. Painting attack middle hit hot week question. Focus resource whole. Soldier two state two bill.,In Progress,High,2025-07-12 05:25:55,2025-09-05 01:03:27
87,4172,Account access,Imagine us little. Successful book system simple.,Resolved,Critical,2025-10-20 22:39:11,2025-08-07 17:28:16
88,2471,Account access,Industry floor land write. Argue there several cut. Player available movie around country even phone.,Open,High,2025-12-02 22:55:14,2025-12-22 21:05:48
89,2426,Payment issue,Stuff bar Democrat much anything whom chance. Tree little next under glass.,In Progress,High,2025-04-23 06:19:28,2025-10-12 11:29:01
90,4609,Product defect,Difficult during develop. Other father third understand player. Unit until various.,Open,High,2025-02-12 22:48:52,2025-11-17 11:18:51
91,1435,Payment issue,Structure deal international. Response nothing right also him. Ahead push almost dog along walk sell.,In Progress,Critical,2025-10-08 03:59:35,2025-09-16 11:12:30
92,410,Account access,Plant start production represent almost development. Peace myself price hard road four. Body yourself enter.,Closed,High,2025-03-15 00:49:34,2025-09-05 03:27:43
93,3110,Return request,Main success science total. Wind development sign customer spring prepare purpose girl.,In Progress,Low,2025-07-25 06:26:37,2025-10-09 10:25:00
94,3193,Product defect,Take receive more. Reduce public around sense compare radio. Leave speech man.,Closed,Medium,2025-12-12 17:09:09,2025-12-09 21:07:53
95,1332,Account access,List as picture physical development key.,Resolved,High,2025-08-25 02:54:56,2025-08-26 11:48:35
96,500,Payment issue,Mind citizen smile style. May kind perhaps film crime the current.,In Progress,Critical,2025-04-05 09:01:03,2025-12-25 18:16:03
97,3030,Payment issue,Possible land plant reduce. Value dinner compare attack less often theory prevent. Indicate practice often so bank different investment side.,Closed,Critical,2025-04-14 17:06:07,2025-11-08 09:17:54
98,1967,Return request,Check trade number participant enjoy. Hot until heavy education. Fund grow necessary director military. Agree present various recent region me.,Closed,Medium,2025-06-02 14:56:30,2025-12-19 05:20:16
99,3457,Return request,Participant market forget author still. Rock can raise meet. Growth turn exist people.,Closed,Medium,2025-12-09 04:19:26,2025-09-04 20:13:39
100,1371,Payment issue,Parent tree away whose. Open provide real first though gun. Within those majority meet. At without receive language.,In Progress,Critical,2025-05-19 15:19:20,2025-09-28 10:41:55
101,1669,Delivery delay,Prove fall treat major whole he.,Resolved,High,2025-01-19 01:33:27,
102,3140,Delivery delay,Course set responsibility. Sell member language under traditional. Car deal president floor leg car.,Resolved,High,2025-11-28 12:21:39,2025-11-27 15:28:35
103,4676,Product defect,Age record right method. Economic total thus argue character. Threat less ahead leave medical two government.,In Progress,Low,2025-05-13 23:59:30,2025-11-27 05:02:37
104,2764,Return request,Total resource send. According analysis such concern practice.,Resolved,Critical,2025-01-16 20:24:43,
105,1726,Account access,Garden simply program possible fire. Mouth serve discussion oil total else.,Open,Medium,2025-03-22 22:29:35,
106,4876,Return request,Address method somebody this painting under we. Group wish investment left sport address go night.,In Progress,Low,2025-05-07 01:54:46,2025-09-22 10:03:26
107,3432,Return request,Her fish away bed before. Natural visit west leader. Movie wear up grow.,Resolved,Critical,2025-10-05 20:04:43,2025-07-18 02:39:50
108,4147,Payment issue,Quickly camera design near. Happen how key defense eye season big.,Closed,High,2025-03-14 02:35:45,2025-08-03 02:44:45
109,4161,Account access,Still candidate success bring where.,In Progress,Medium,2025-06-07 00:11:30,2025-09-19 03:01:06
110,1466,Account access,Tonight our anything prove at buy morning. Lot director happy.,Closed,Medium,2025-08-24 03:34:43,2025-09-13 14:36:46
111,3114,Return request,Almost prove require recent remain. Quite those turn financial article agent. Certainly evidence require cup poor project.,Closed,Critical,2025-07-04 01:48:29,2025-08-12 12:22:17
112,1523,Return request,So office foot all partner. Various sit material measure. Above current order low or.,Closed,High,2025-08-15 05:11:29,
113,3372,Payment issue,Entire challenge go. Population my full school keep. Others pull here garden learn degree.,Resolved,High,2025-11-18 05:28:19,
114,3338,Return request,Throughout police specific human analysis. Activity similar prove interesting myself.,Resolved,Medium,2025-01-27 16:31:28,2025-07-11 04:55:06
115,3388,Product defect,Mother community actually everything half guess spring. Brother beyond join stage personal hear.,In Progress,Critical,2025-03-22 18:15:25,2025-08-30 00:32:30
116,1304,Product defect,Republican life traditional ten. Argue study else chair.,In Progress,High,2025-09-12 00:16:45,2025-11-25 07:59:55
117,4105,Delivery delay,Cover idea wide response spring. Others worry coach race large certainly five. Fall down professor term write budget.,Resolved,Critical,2025-03-25 10:17:31,2025-12-28 03:00:49
118,2714,Product defect,Realize until serve physical maintain over. On risk your continue environmental attorney itself. Majority step argue owner author system just successful.,Closed,Medium,2025-12-06 18:24:24,2025-12-01 22:57:44
119,650,Account access,Red actually rock late defense resource describe. Night him other ok us travel agency.,Resolved,Low,2025-02-12 00:37:03,2025-09-22 09:00:26
120,2053,Payment issue,Form better for into. Factor you too ok.,Closed,Medium,2025-08-28 08:31:15,2025-08-20 18:44:14
121,447,Return request,Production pressure then father bit article. Join nor sense right another decide sense.,Open,Critical,2025-08-23 02:13:50,
122,1101,Return request,Specific draw pick page.,Open,Medium,2025-02-11 02:29:29,
123,965,Delivery delay,Blue generation behind a tax point. Ok trouble despite human sign must. Region attention senior where note that.,Resolved,High,2025-05-29 15:16:54,2025-09-04 10:23:28
124,1543,Payment issue,Show vote discussion upon article act wonder. Which guy traditional throw. Sometimes contain last daughter knowledge after social. Contain draw manager bar west structure by.,Closed,High,2025-10-13 06:55:08,2025-10-09 21:00:21
125,816,Payment issue,Successful change develop involve. Firm cultural beautiful.,In Progress,Critical,2025-08-27 12:50:33,2025-12-29 12:29:46
126,4468,Return request,High memory movement mention you coach market. Field maybe game difficult wrong organization maintain. When collection statement hotel and. Bank hair now school.,Open,Critical,2025-11-07 23:58:02,2025-09-01 12:51:20
127,2549,Product defect,Everybody evening record series point condition garden. Win without so loss write.,Closed,High,2025-12-03 05:14:33,
128,1699,Delivery delay,Learn civil fine painting. Challenge not activity through land population establish same.,Open,Critical,2025-09-13 02:25:49,2025-08-02 11:21:57
129,3773,Payment issue,Too administration safe determine at investment of. Leave thank score. Way money study red court contain.,In Progress,Critical,2025-08-03 22:26:52,2025-06-30 19:43:26
130,156,Product defect,Night forward body crime model step entire. Discuss now way evening. Government world thought stuff paper enjoy.,Closed,Low,2025-11-11 00:20:17,2025-10-18 01:15:09
131,285,Account access,Let enough western peace because it save. Bed whose check draw television card too. Sit before blue image choose natural enjoy against.,Resolved,Critical,2025-01-17 02:01:59,2025-07-10 08:24:29
132,4262,Return request,Side discover environmental evening responsibility discussion space. Ability policy society cut prove material identify. Yourself soon late seven bed really station official.,Resolved,High,2025-03-15 20:32:47,2025-08-08 08:25:02
133,1459,Return request,May memory generation necessary police along majority. Wife may accept produce customer. Own despite only Mr key.,Open,Low,2025-07-16 21:35:47,2025-07-02 01:22:48
134,1138,Delivery delay,Not election process prepare later book receive. Light mother tonight before decide.,Open,Low,2025-12-14 11:12:27,2025-10-04 02:40:37
135,1858,Account access,Reduce professor writer soon mother add. Modern plant civil population.,Open,Medium,2025-09-18 20:11:20,
136,3221,Delivery delay,Food young thank certain. Born fire also represent nothing stock.,Open,Low,2025-01-10 17:17:27,2025-08-10 16:28:45
137,604,Return request,Behavior drug which myself production something smile. Kind certain real all.,Resolved,Low,2025-10-02 01:57:31,2025-11-26 02:45:33
138,1244,Payment issue,See whatever receive window. Staff kitchen there former democratic half last.,In Progress,Critical,2025-07-13 04:22:06,2025-07-02 20:22:10
139,2934,Product defect,Guess very himself college. Third early plan mouth best move miss. System mission process far recent cut operation.,Open,Low,2025-12-02 10:39:50,2025-11-20 08:26:51
140,3272,Return request,Position hour response capital. Red training low according. Life star kitchen begin.,Open,Critical,2025-09-05 02:15:25,2025-08-15 08:37:41
141,4888,Product defect,Despite particularly control pressure start. Morning interview among professor during beat.,Resolved,Critical,2025-09-27 06:28:09,2025-08-18 08:34:50
142,1643,Delivery delay,South study drug. Growth resource sure social.,Open,Critical,2025-12-03 15:47:31,2025-10-24 15:39:18
143,1315,Return request,Whose exactly respond make weight. Expert serve pattern tell time remember involve. Any yes bit foot physical surface simple.,Closed,High,2025-02-07 09:38:50,2025-09-27 12:55:48
144,1042,Product defect,Nor charge population leave.,Closed,High,2025-12-24 05:26:33,2025-09-14 12:01:27
145,7,Payment issue,Before southern then successful ground box vote. Step live various read none last.,Open,Low,2025-10-19 02:42:14,2025-08-01 08:41:42
146,4858,Payment issue,Sport first law. Edge seem seven safe everybody. Card participant politics gas.,Open,Medium,2025-11-09 16:06:23,
147,1555,Return request,Because artist shoulder. Wear collection among size themselves.,In Progress,Low,2025-04-19 07:43:18,2025-09-25 21:39:27
148,766,Return request,Debate fund myself social little. Image student reality. Maintain under debate mind cut ahead.,In Progress,Low,2025-10-31 16:47:26,2025-08-06 10:01:53
149,3575,Account access,War own street religious prevent. Become research language worry.,Resolved,Critical,2025-09-15 17:11:45,
150,3531,Payment issue,Unit worker business although continue.,Open,Critical,2025-04-30 21:20:20,
151,970,Payment issue,Positive meet from move under. Process great low country.,In Progress,High,2025-07-09 13:28:23,2025-11-14 04:31:27
152,391,Product defect,Newspaper management both give analysis thousand join practice. Official special begin.,Open,Critical,2025-10-16 18:03:38,2025-09-05 09:41:12
153,3839,Delivery delay,Market respond marriage. Structure at speech kind simple.,Open,Critical,2025-04-22 00:18:42,
154,4024,Return request,Arrive whole represent compare network four. Hold seem capital experience idea. List surface television morning item.,Closed,Medium,2025-10-18 18:14:28,2025-10-27 20:06:56
155,1426,Account access,Money out defense purpose.,Closed,Medium,2025-05-04 21:31:37,2025-09-08 21:33:09
156,1269,Return request,People charge many bit show. Eat could whether may young back us safe.,Open,High,2025-08-19 01:37:37,2025-10-29 21:22:11
157,4963,Account access,Defense effect boy take common. North card seem again investment.,Open,Medium,2025-10-27 16:11:34,
158,1545,Account access,Agreement if throughout indicate say. Statement teach ability himself.,Closed,Low,2025-03-02 19:27:15,2025-08-15 20:28:40
159,2285,Account access,Alone next head visit I. Lot reason society national avoid him. Left could music team partner entire firm.,Closed,Critical,2025-07-22 04:57:23,
160,1281,Return request,Capital attack become on expert off. Bar indeed happy institution mind. Manage beat pattern thought plan believe everybody.,Closed,Low,2025-02-23 18:14:40,
161,1190,Account access,Poor bag culture election off everything. See group yard actually office.,Open,Low,2025-05-15 07:17:50,
162,3831,Product defect,Through join floor central apply. Wish consumer record brother.,In Progress,Medium,2025-03-29 17:20:30,2025-08-04 14:02:35
163,3276,Product defect,Once few note product suddenly hard. Enough quite drop stop. His like remember service all.,In Progress,Medium,2025-12-15 10:48:17,2025-07-15 00:44:02
164,1560,Return request,Foot happen join.,Open,Critical,2025-09-11 21:37:13,
165,854,Product defect,Floor food feel because. Politics major month institution system. Far modern you movie space.,Open,Critical,2025-10-02 20:10:58,2025-07-23 19:17:04
166,2909,Return request,Culture remember once realize magazine. Write either process business. Fall though ball writer. Test sit long free term field.,Open,Medium,2025-11-07 00:45:01,
167,4512,Return request,If gas maybe likely fine ago. Whether modern physical black his general number.,Closed,Low,2025-01-08 21:39:13,2025-12-19 18:25:28
168,3669,Return request,Know tonight especially. Economy professional business water cause role. Commercial would off consumer should. Discussion ever continue near cell that become beyond.,Open,Low,2025-08-11 22:26:40,2025-08-30 11:33:05
169,3290,Payment issue,Message bed put throw democratic. Resource old animal pressure. Congress meeting fish within.,Resolved,High,2025-03-31 13:22:24,2025-09-03 08:30:05
170,3242,Return request,Sell different cold chance kind couple. Health house everything trip address memory. West street both her easy big.,In Progress,Medium,2025-07-10 21:27:39,
171,4807,Delivery delay,How hair race visit instead once feeling sound. Reason without which of blood hand painting.,Closed,Critical,2025-07-11 13:01:43,
172,4871,Account access,These far amount hospital form leg movement company. Bed federal song maintain including. Single affect president little sometimes report.,Closed,Low,2025-05-08 13:57:37,
173,4213,Product defect,Night institution run too toward guy. Home field most start next.,In Progress,High,2025-07-26 14:15:18,2025-09-09 15:13:52
174,119,Payment issue,One feeling hotel individual. Fish own word source radio shoulder. Method admit apply believe possible five.,Closed,Low,2025-12-26 12:11:22,2025-12-22 22:34:48
175,1178,Return request,Soldier decision character network produce specific it.,Closed,Critical,2025-06-30 10:25:40,2025-08-16 21:10:26
176,538,Payment issue,Campaign feeling despite note case data compare security. Degree somebody person artist.,Resolved,Critical,2025-09-12 20:43:03,
177,4986,Account access,Power left interesting. Magazine defense account.,Resolved,High,2025-04-22 08:32:05,
178,4681,Delivery delay,Culture life often past technology large. Employee common treatment of understand mind eight say. Wonder to them course season owner clearly.,Open,Medium,2025-03-14 07:37:49,2025-10-02 06:04:09
179,2246,Payment issue,Day your through service official. Dark effect open front. Control fine direction.,Resolved,Critical,2025-09-11 13:10:50,2025-12-08 07:00:59
180,196,Account access,Image resource effect week happy building different. Brother method myself significant either talk.,Resolved,Low,2025-08-22 23:53:56,2025-07-23 17:13:14
181,4261,Account access,Soon though same could. Bill even quite unit goal community agreement among.,Open,Critical,2025-11-06 08:01:08,2025-10-07 12:59:51
182,1401,Return request,Wife lose experience couple ask officer chance. Among prevent minute material than.,Open,High,2025-04-18 19:56:51,
183,308,Payment issue,Challenge bit nation movement society pressure. Of ever admit. During onto ago remember mention also.,Closed,High,2025-04-14 21:03:12,2025-10-26 13:18:39
184,2274,Return request,Least available military. Man business face dog heart south.,In Progress,Low,2025-09-05 14:28:05,2025-08-02 13:35:37
185,2110,Account access,Sound street someone. Age bed entire anyone.,In Progress,Critical,2025-12-03 07:45:40,2025-10-24 23:31:51
186,4541,Return request,Tend fear very group amount true. Strategy him avoid house require age business. Red whole professor.,In Progress,Medium,2025-10-15 06:14:14,2025-10-18 17:10:06
187,3780,Account access,Way total area then. Those enjoy gas walk energy.,Resolved,Low,2025-08-26 06:41:27,2025-11-07 01:10:40
188,1799,Delivery delay,Until trade teacher small. Relationship soon money. Notice society attack address candidate opportunity oil perform.,Open,High,2025-01-26 00:55:11,2025-09-03 03:38:18
189,4238,Return request,True century red car cut step pay central. Likely receive Democrat adult most. Once bit mission each represent might.,Resolved,Low,2025-06-03 01:17:23,2025-10-18 22:00:54
190,4360,Account access,Discover produce than two employee key everyone painting. Yard when budget story base care state. Push today who form discuss later turn.,Closed,Low,2024-12-31 13:09:40,
191,393,Delivery delay,Operation hold tonight economy indeed onto. Wonder adult star collection list little American. Nature morning to glass sit.,In Progress,Medium,2025-12-17 23:58:44,
192,4171,Delivery delay,Today choose moment price over movement between. Himself me listen. Consumer laugh itself director either.,Resolved,Critical,2025-01-29 19:02:25,2025-10-26 14:57:15
193,4991,Product defect,Purpose seat political prevent Congress. Day east hotel time painting wrong now. All region these race weight.,In Progress,High,2025-02-06 04:01:09,2025-08-12 11:19:07
194,2426,Product defect,Interview manage set church center five. Add language coach. Unit along trade institution.,In Progress,Critical,2025-10-10 02:17:27,
195,2272,Delivery delay,It cover research form upon identify goal. Wear father action magazine development office kind. Common nothing even sing me.,In Progress,High,2025-10-02 11:31:46,
196,49,Payment issue,Summer hospital reveal sell. Spend morning bad cell I against that. Five seem organization performance.,Open,Low,2025-06-18 22:36:11,2025-09-17 00:46:07
197,4250,Product defect,Cell pick fear understand media animal movie million.,Open,Critical,2025-11-10 00:30:13,2025-12-06 02:46:51
198,4410,Return request,Fight design board cold by control. Occur later quickly unit democratic subject economic modern.,Closed,Low,2025-12-26 01:38:44,
199,4356,Delivery delay,Member ready own form magazine. Song brother rule hour activity early because certain. But ground last.,Resolved,Medium,2025-10-18 20:18:23,
200,1168,Payment issue,Wall main trouble with. Program guess word stage rise ok.,Closed,High,2025-02-11 06:16:55,2025-08-27 01:34:10
201,3470,Return request,Outside south activity help enjoy meet field. Which question live oil within yard.,Open,Medium,2025-12-24 23:06:02,2025-09-21 02:30:46
202,4075,Delivery delay,Matter politics key lot station. Recognize morning remember tend place. While sure food democratic politics woman.,Resolved,Critical,2025-06-11 21:32:31,2025-08-20 10:46:39
203,2708,Delivery delay,Large produce employee watch election. Remember medical population. Tax likely guy when color single fish.,Open,Critical,2025-06-01 18:24:28,2025-07-04 19:36:29
204,1978,Return request,Great growth dark then wind bill. Defense run same. Represent land investment poor improve yard citizen.,Closed,Critical,2025-11-27 01:36:12,2025-10-16 19:12:23
205,4608,Delivery delay,Rate room lawyer quality attorney draw. Would any tax wind allow pick. Girl support any Democrat month player.,Resolved,High,2025-08-29 07:39:47,2025-11-01 02:08:12
206,4333,Delivery delay,Future stand still including. Wonder opportunity meet hospital begin vote life economic.,Open,Low,2025-08-21 20:14:55,
207,4990,Product defect,Of can rather. Who section increase reality. Travel Mrs this position.,Closed,Low,2025-04-21 18:39:54,
208,228,Product defect,Traditional hit strong idea parent network direction. Dream difficult position. Research media shake hold open. Most order last possible professor.,Resolved,Medium,2025-04-06 15:04:44,2025-11-29 20:51:20
209,2899,Account access,Night myself suddenly north future address fear. Data environmental may toward follow box beat.,Resolved,Critical,2025-03-13 11:00:09,2025-07-14 10:08:49
210,884,Account access,Yeah across maintain behavior chance red. Notice base hotel happy against pay rest. Girl recognize identify return past.,Open,Medium,2025-03-18 18:29:11,2025-09-12 12:58:37
211,4257,Account access,Certainly present case sure for. Officer accept speak size skill get. Get that compare teach contain.,Open,High,2025-04-01 10:58:17,
212,3625,Return request,Assume decision risk information individual enjoy. Much north today building vote man keep growth.,In Progress,Critical,2025-04-19 12:55:51,
213,4877,Product defect,Church kid cause huge bill.,Closed,Medium,2025-05-07 01:39:46,2025-07-27 06:10:13
214,2914,Delivery delay,Parent top store growth responsibility. Check case soldier anyone feeling call first. Official rule within school through. Central car understand group the.,Closed,Medium,2025-09-04 08:59:23,2025-09-07 04:59:34
215,800,Delivery delay,Brother herself might. Different decision view serious many. Movie item let worker view.,Resolved,Critical,2025-02-08 21:57:00,2025-07-31 08:35:28
216,1986,Return request,Month cultural arrive open hand age. Authority the task nor change poor study.,Resolved,Medium,2025-09-29 19:04:33,2025-07-16 22:02:38
217,3464,Account access,Blood play similar stage at. Last west civil save defense worry book.,Resolved,Medium,2025-02-08 01:37:45,2025-10-06 06:14:45
218,2225,Payment issue,Value really task read. Cup reach during mind gun fall sit.,In Progress,Medium,2025-11-17 06:00:06,2025-09-09 04:38:07
219,4408,Product defect,Write American provide blood manager model. Great visit mind buy watch camera take debate.,Closed,Critical,2025-11-18 16:13:03,
220,1449,Return request,Point door once need enjoy office need. Dream ten this issue.,Resolved,High,2025-11-28 14:08:30,2025-11-30 11:35:23
221,966,Payment issue,Door single watch.,Open,High,2025-11-26 17:05:06,2025-12-27 19:24:12
222,881,Delivery delay,Leg her apply. Stuff compare break someone effort remember above.,Open,Low,2025-12-19 10:39:54,2025-12-06 11:01:06
223,4651,Delivery delay,Manage be big generation truth prevent. Result offer defense later.,Closed,Low,2025-11-19 20:49:52,2025-11-08 00:22:48
224,2024,Payment issue,Eye meeting subject ok. Mr cut strong today compare part.,Resolved,Low,2025-02-01 07:17:07,2025-10-03 09:30:05
225,2069,Product defect,Home myself health federal approach daughter policy. Pm TV partner finally. Imagine good five leader.,Closed,Low,2025-03-15 05:00:28,
226,2149,Product defect,Tonight character product day stuff appear.,Closed,High,2025-01-01 17:07:34,2025-12-03 15:21:39
227,2598,Return request,Finish perhaps director letter number space character. Treat window study property popular reduce.,Resolved,Medium,2025-10-06 01:46:14,2025-07-10 01:02:54
228,1932,Account access,Group son huge. Sort go sense off interview place feeling brother.,Resolved,Critical,2025-12-18 15:31:01,2025-07-09 21:24:07
229,3797,Return request,Level difference lead where participant operation. Water find yard general prove financial.,In Progress,Medium,2025-02-16 00:56:34,2025-11-03 20:24:28
230,51,Delivery delay,Design move several Mr large build knowledge. Scene any build another cost name.,Open,High,2025-01-26 23:25:28,2025-07-19 09:58:51
231,2717,Account access,Wonder along accept entire somebody sign. Body low lose entire. About want door natural whose between performance walk.,Resolved,Low,2025-02-12 13:57:56,
232,2912,Product defect,Thousand water activity case individual cost ground. Mrs street sense tonight.,Resolved,Low,2025-04-11 15:49:55,
233,3037,Product defect,Table sea among listen. Without risk special movement decide.,Resolved,Low,2025-09-23 22:19:38,2025-11-28 16:33:24
234,1394,Account access,Natural of Mrs thank matter. Event third occur story develop middle myself. Available fight election wish surface consumer administration after.,Open,High,2025-02-15 05:57:33,2025-10-06 06:46:26
235,464,Return request,Say her old able receive matter return. Actually put generation usually project knowledge scene decision. Rather group himself simple.,Resolved,Critical,2025-12-14 01:43:05,2025-10-14 19:52:08
236,1893,Return request,Which form use official else crime adult. Sit around majority herself rock.,Resolved,Medium,2025-06-06 15:51:59,
237,1469,Account access,Himself start left day morning. Commercial national maintain act inside cover. Main point else difference.,Open,Medium,2025-03-15 08:44:20,2025-10-30 14:52:03
238,3526,Delivery delay,Contain fall western beautiful arrive important owner. Usually chance speech region performance pull off.,Open,Medium,2025-12-14 22:07:00,2025-08-21 14:18:43
239,3602,Payment issue,Foot though author work executive town each baby. Performance economy issue herself model. Organization citizen turn fine.,In Progress,Low,2025-09-24 13:21:46,2025-10-21 11:49:08
240,1549,Product defect,Apply most involve after. Nation cover region in heavy.,Resolved,Medium,2025-03-10 16:17:26,
241,819,Account access,North much main recently. Down whatever remain stuff feeling process.,In Progress,Low,2025-06-03 16:41:40,
242,2305,Product defect,Community price finish city whatever southern. Role quickly TV more between. Human keep result nor.,Closed,Critical,2025-08-09 06:02:00,2025-09-26 11:17:53
243,3831,Account access,Within per purpose see reveal. Carry relate structure determine scene while weight. Line voice maintain collection.,Resolved,Low,2025-03-27 04:32:22,2025-08-04 17:50:47
244,456,Product defect,Throw seven nothing authority item how responsibility. Through husband especially crime purpose next rise. Serve store machine yes someone.,In Progress,High,2025-07-25 17:26:11,2025-09-09 15:59:21
245,2265,Product defect,Whom by day. Take reflect site finally identify base outside degree. Dream lay possible fill will. Usually member explain western month green.,Resolved,Low,2025-07-09 19:14:27,2025-07-18 05:45:52
246,736,Return request,Around Republican well anything.,Resolved,Critical,2025-10-09 23:47:00,2025-09-15 11:46:02
247,3703,Account access,Standard project magazine film ten either international low. Stage power again room deep economic within.,In Progress,Medium,2025-07-12 00:31:42,2025-12-03 22:38:52
248,4931,Return request,Degree appear interest nothing know. Off former western need they everybody nor reason. Up idea others than son pressure choice.,In Progress,Medium,2025-06-27 01:30:00,2025-07-07 07:10:04
249,533,Delivery delay,President international our stuff enjoy open.,In Progress,Medium,2025-11-14 00:55:09,
250,4936,Product defect,Large ask pay commercial. Success customer marriage. Respond guess role why realize professional.,Open,Medium,2025-10-17 04:40:02,
251,516,Account access,No whose several lawyer only. Mention lawyer avoid religious pay high traditional.,Closed,High,2025-03-10 21:59:57,2025-07-12 08:38:37
252,3813,Payment issue,Nearly difference of. Sense stop pretty step case. Security Republican onto city.,In Progress,Low,2025-02-09 15:04:38,2025-08-17 18:33:29
253,3638,Product defect,Peace own whatever accept. Edge result special then allow.,Closed,Medium,2025-10-06 04:55:24,
254,2416,Delivery delay,Answer end former pay. Security catch decision wife against.,Open,High,2025-11-19 19:06:58,2025-09-22 09:07:44
255,4253,Account access,I why probably himself market realize two. Myself why its right quite. General system door field reality last four talk.,Open,Low,2025-04-13 22:33:16,
256,1266,Payment issue,Open speech military against up health. Answer since himself old. Hard together thought here.,Open,Critical,2025-01-09 04:34:39,
257,709,Payment issue,Money media yeah practice take. Party away individual serious left forward next. Appear culture agree memory. Or among responsibility change center political black physical.,Open,Medium,2025-05-29 10:19:53,2025-07-01 12:34:00
258,3581,Product defect,Speak rise remember hotel deal reality.,In Progress,Critical,2025-02-16 11:58:43,2025-11-24 10:39:55
259,3310,Product defect,Up sport popular Congress name woman. Actually house happy believe poor sign development choose. Move real man four.,In Progress,High,2025-02-20 04:00:53,2025-09-08 00:14:10
260,719,Return request,Strong total pick these. Heavy speak this quite government present.,Open,Critical,2025-07-10 23:08:50,2025-07-04 02:50:34
261,364,Delivery delay,Need catch security home. During conference back tend provide.,In Progress,High,2025-11-14 14:36:18,2025-12-18 03:04:25
262,2436,Payment issue,Want blood themselves class. There thank civil owner radio.,Open,Medium,2025-12-12 05:46:25,
263,3510,Account access,Political guy bring network. Star kind represent friend important.,In Progress,High,2025-02-05 16:25:25,2025-12-18 14:18:17
264,3834,Return request,Source quality politics near quite sense. Family charge unit picture find fall probably. Character so kitchen program product weight.,Open,High,2025-05-06 15:49:03,2025-10-15 14:27:55
265,3364,Return request,Current word certain structure reflect which camera customer. Watch development finally. Partner product recent the.,In Progress,Critical,2025-11-11 21:47:49,2025-10-08 05:13:54
266,1930,Payment issue,Do send American west wait national. Tv onto true add crime democratic author. Anyone whether purpose line billion.,Closed,Medium,2025-05-09 08:44:25,
267,2328,Payment issue,Ball science teach party break week. Partner source three know media talk begin physical.,Resolved,Critical,2025-10-01 09:13:07,
268,443,Product defect,Someone near across. Suggest across simple civil. Game culture should.,Open,High,2025-03-21 16:21:39,2025-12-17 06:07:39
269,3710,Product defect,Tax spend standard hot per worker book government.,Open,High,2025-01-14 22:21:20,2025-07-05 03:01:33
270,4224,Payment issue,Result such general line subject very dark. Choice treatment behavior maybe. Physical face TV sense.,Open,Low,2025-06-26 21:51:58,2025-09-02 14:47:02
271,4038,Payment issue,Including each interest quality your professional tonight degree. Main drug food answer. Road half why far such remember federal.,Closed,Medium,2025-12-13 03:52:00,2025-11-01 05:02:54
272,629,Account access,Goal lot stay fast score news send. Democratic ago million.,Closed,High,2025-03-09 23:18:07,2025-11-26 10:28:03
273,3797,Payment issue,Care item ground team. Arm beautiful level down. Front poor catch still professor.,In Progress,High,2025-05-20 14:21:38,
274,4334,Account access,Scene term often.,Open,Medium,2025-08-31 19:32:28,
275,3136,Product defect,Car second wife anything.,In Progress,Medium,2025-10-18 01:15:06,
276,2369,Product defect,Improve brother see. Most even coach perhaps deep why.,Resolved,Low,2025-12-02 09:34:14,
277,256,Return request,Security by professional job where. College about item black. Air guess thousand factor.,Closed,High,2025-09-04 20:59:49,2025-09-20 07:21:49
278,4505,Delivery delay,Address choose test pattern.,Closed,Critical,2025-02-26 03:21:29,2025-12-22 22:53:38
279,2649,Delivery delay,Onto enough produce realize exactly such. Since effect story test we after pressure. Accept again us actually.,In Progress,Critical,2025-08-19 23:10:28,2025-11-27 07:24:20
280,1564,Payment issue,Peace knowledge view kid.,Resolved,Critical,2025-08-25 08:18:49,2025-09-14 14:17:55
281,1556,Delivery delay,Together year phone upon Mrs type scientist. Someone hundred smile require. Talk until peace rock use.,Resolved,Low,2025-06-05 07:16:28,2025-11-04 06:39:07
282,3084,Payment issue,Per whole administration. Spend half free line item day.,Open,Medium,2025-11-05 19:58:14,
283,1811,Delivery delay,Not couple during light newspaper size feel. Risk save everybody lead never choose. Expect society laugh.,Open,Critical,2025-05-07 07:03:04,2025-10-21 18:51:48
284,2989,Payment issue,Raise describe outside writer. Doctor federal information.,Resolved,High,2025-07-03 04:09:54,2025-07-31 20:57:53
285,2652,Account access,Property wife evidence grow create. Room American blue best contain inside. Me idea long.,Closed,High,2025-03-28 08:27:11,2025-10-28 00:16:49
286,1376,Account access,Nothing capital your step building. Avoid memory east sister top modern.,In Progress,Low,2025-04-16 16:50:47,2025-09-01 22:21:57
287,1777,Product defect,Thought dream interesting during cold arrive. Office hold stand nothing simply seat improve.,In Progress,Medium,2025-11-07 02:12:03,2025-09-18 16:17:35
288,210,Return request,Development method get of at enjoy technology method. Key decide yard everything.,Open,Medium,2025-01-24 03:55:19,2025-10-08 07:39:41
289,1703,Product defect,Often author question very benefit industry could feeling. Majority hotel himself network full turn sound.,In Progress,Medium,2025-11-27 19:26:27,2025-08-10 18:24:53
290,257,Payment issue,Base pick time game environment cup. Evening could value herself.,Resolved,Medium,2025-04-26 17:23:41,
291,2338,Return request,Four likely throughout cut charge our. Performance south guy positive his. Crime assume month wrong determine.,Open,Low,2025-08-07 02:01:28,2025-08-31 07:06:37
292,3628,Product defect,Learn eye his. Hour article sure draw free expect. Maintain traditional it against very face.,In Progress,High,2025-06-04 20:52:30,
293,4658,Product defect,Garden stop need. Brother little feel blood. Run dark seat before.,In Progress,High,2025-12-13 11:57:37,2025-12-09 19:23:08
294,2761,Delivery delay,The be soon wrong responsibility well. Democratic series with white. Window always eat yeah resource understand.,Resolved,Critical,2025-06-08 07:25:31,
295,1263,Account access,Human avoid growth. Truth question save program. Skill month reflect benefit accept.,Closed,Low,2025-12-21 09:21:11,
296,3810,Delivery delay,Approach situation listen someone day. Explain practice machine culture easy hotel.,Resolved,Low,2025-11-10 08:51:28,2025-11-07 11:51:21
297,731,Payment issue,Method water fact color miss certain ask decade. Direction general cause chance. Could seat situation six laugh. Yet surface drop personal loss.,In Progress,High,2025-07-15 17:34:27,2025-09-15 03:36:42
298,1565,Return request,Worry say about. Performance fill can hundred page someone appear air. Traditional control establish once thank lay.,Resolved,Medium,2025-05-08 09:39:05,2025-12-09 21:17:56
299,67,Account access,Phone notice movie big language. Bed artist option interest find style through. Bag current hear course evidence safe sign.,Open,High,2025-09-07 03:03:47,
300,2990,Return request,Address attorney discuss energy. Scientist see final. Night then policy represent though house PM.,In Progress,Low,2025-04-20 11:16:14,2025-10-19 21:34:44
301,35,Return request,Believe business type region daughter like. Let two wait service system back.,Closed,Critical,2025-09-14 05:09:22,
302,4930,Product defect,Institution wrong usually mind market which base future. Training debate event share peace weight control whose.,Open,Critical,2025-04-01 03:49:00,2025-12-17 13:09:23
303,1088,Payment issue,Central score whose arrive try him. I answer customer professor. Reduce decision child summer look lot.,Closed,Critical,2025-02-08 04:40:38,2025-11-09 05:20:55
304,4197,Account access,Open four travel economy effort range oil gas. Whole cell course shoulder.,Resolved,High,2025-11-03 16:34:38,2025-08-02 03:34:58
305,738,Product defect,Along friend they letter break just then. Right bag hard radio.,Open,Low,2025-09-26 10:28:13,2025-10-23 13:55:30
306,4298,Delivery delay,Budget floor edge artist smile. Throughout subject sort rise throw analysis only. Director beyond change different picture stuff religious.,Resolved,High,2025-05-01 05:32:44,2025-11-30 00:07:06
307,1539,Payment issue,Bring control arrive move once. Environment last scene certain thing article occur.,Closed,High,2025-12-18 14:33:23,
308,1072,Payment issue,Other western game special mission tough. Third ability teacher market opportunity.,Resolved,Critical,2025-02-15 19:31:39,2025-10-17 14:18:41
309,4289,Delivery delay,Many allow question physical cause notice. Believe throw available return.,In Progress,Low,2025-04-15 23:23:15,2025-08-23 01:01:30
310,3341,Delivery delay,Season area eat fact skin. Mind best chair trial put. Toward process your high.,Open,Low,2025-10-17 03:16:45,
311,3700,Account access,Small seem air quality wear others. Thank less worry project most arrive. Mouth field parent or behind theory reflect.,Resolved,Low,2025-12-25 23:45:26,2025-11-25 21:54:48
312,3300,Product defect,Hot none court benefit. Mother student five.,In Progress,Critical,2025-11-13 06:18:25,2025-09-17 19:50:44
313,2451,Delivery delay,About reflect cut time now pattern eye. Character performance statement down same.,Closed,Medium,2025-11-30 10:17:09,
314,32,Return request,Center face hard beyond indeed scene wide. Skin under something office decade option. Environment before raise.,Closed,Medium,2025-06-06 22:55:02,2025-10-26 08:57:14
315,1081,Payment issue,Common more student list run week. Idea many or note mean low wonder. Style before week these agency what hand.,Resolved,Medium,2025-01-21 04:26:14,2025-12-13 15:13:56
316,4492,Payment issue,Base product design list agreement model.,Closed,High,2025-02-17 16:02:49,2025-10-24 10:31:43
317,4659,Return request,Leader find section movie play race sure. Democratic not modern what benefit exactly then.,Closed,High,2025-07-24 23:08:37,2025-10-06 06:05:19
318,1287,Return request,Customer less long live military beyond job general. Hear enjoy from movement everybody their minute. Good enough they could nor president close. Worker else specific may.,Open,Low,2025-06-01 07:52:22,
319,2333,Product defect,Including risk student well education feel pattern. Program treatment exactly step service. Season same true talk.,Open,Medium,2025-06-18 18:09:21,
320,1714,Product defect,Then arm wind technology. Include camera example kid exactly walk job risk.,Closed,Low,2025-01-28 17:38:10,2025-08-27 10:59:23
321,3273,Product defect,Democratic result cell. Glass probably even.,In Progress,Medium,2025-08-06 23:07:50,
322,3460,Product defect,Moment second anything radio toward issue forward include.,Open,Low,2025-04-14 00:22:28,2025-09-15 06:55:25
323,3784,Return request,Member operation different rest lead experience. National detail listen particular technology practice. Become day fear.,In Progress,Medium,2025-09-23 20:45:58,
324,920,Payment issue,Issue cause exactly ball top. Defense statement picture similar every new car.,Closed,High,2025-07-24 22:43:53,2025-09-24 10:16:45
325,2038,Delivery delay,Trade different price administration case. Upon administration pattern key painting far amount.,Open,Critical,2025-11-17 03:39:06,
326,930,Return request,Thank my film article hotel model. Although bit edge year agency. Executive ground collection film light friend.,Resolved,Critical,2025-01-19 07:13:22,
327,4029,Return request,Can find cause less really street drug effort. Compare head necessary success own building.,Closed,Critical,2025-10-19 18:01:00,
328,4029,Delivery delay,Possible network success provide size for record. East direction sister themselves table should clearly. Above beat father necessary or add. Station some short prepare.,Open,High,2025-06-02 13:12:07,2025-10-17 15:48:26
329,2052,Payment issue,Middle Mr police. Get maybe opportunity politics coach little drug. Writer American ten responsibility reduce item. Field practice million upon operation appear prevent.,In Progress,Medium,2025-04-09 05:49:32,2025-12-24 02:42:14
330,3263,Product defect,Success car so probably building perform. Kind specific growth create.,Closed,High,2025-08-08 19:47:56,2025-12-14 19:39:09
331,2926,Return request,Plant executive stand relationship nice property to act. Best computer sell lawyer.,Resolved,Medium,2025-08-25 00:32:13,
332,1931,Payment issue,Democrat window buy attention for alone. Miss surface get brother strategy mouth art.,In Progress,Critical,2025-07-04 20:47:34,2025-09-07 06:40:28
333,1764,Payment issue,Nature here five southern. Town area memory herself move.,Closed,High,2025-07-28 07:14:33,2025-11-21 18:00:13
334,538,Product defect,Number step room less top job. People here break plan soldier good professor.,Open,High,2025-09-25 01:13:22,
335,2475,Product defect,Lose must matter national shoulder board. Likely write choose movement play. Left space than central explain final.,Resolved,Low,2025-12-14 01:01:13,2025-12-25 15:17:29
336,3090,Account access,Model yet million radio probably rock. Goal high answer his dog sport indeed. Standard within Democrat thousand purpose sign discuss call. Republican close experience table shake.,Open,Critical,2025-11-20 18:52:32,2025-12-04 01:42:42
337,2596,Payment issue,Describe establish score physical.,Open,High,2025-12-22 05:02:36,2025-07-25 17:50:11
338,4470,Account access,Minute face blue create. Art situation probably wife know purpose walk. Four involve PM.,Open,Medium,2025-11-08 04:44:45,2025-11-17 19:43:40
339,2602,Account access,Moment PM sister last. Good social clearly herself compare suggest. Pull authority relate statement space would create. Cover street and common federal.,Resolved,Low,2025-10-18 16:59:16,
340,4229,Delivery delay,Lawyer above treat born small nation. Together pressure want natural.,In Progress,Critical,2025-12-12 11:04:12,2025-10-26 20:05:09
341,975,Product defect,Reason what teacher through. After future identify pick bring seven sing research.,In Progress,Medium,2025-05-27 02:43:19,2025-11-08 13:26:44
342,4852,Product defect,Baby direction one concern your relationship mother serious. Physical record red design. Ever environment he case case. Speech easy place give how.,Closed,Low,2025-06-04 06:56:56,2025-12-11 07:18:24
343,3220,Product defect,Let their century situation keep. Left surface call value rise western region. Forward machine position though add. Consumer player student lawyer ball race resource.,Resolved,Medium,2025-03-06 04:23:18,
344,459,Return request,President trial section game. Bill window assume war throw again late. Model son actually. Strong how part perform whom.,In Progress,Medium,2025-08-24 04:16:53,2025-07-22 11:20:46
345,763,Payment issue,You break speak together everybody form account. Serve space soon role.,Open,High,2025-03-01 12:28:54,2025-08-31 10:36:38
346,209,Product defect,Thing kid by wall little over someone. Although play one get of. Let line learn road well baby federal college.,In Progress,Critical,2025-08-12 23:49:09,
347,4541,Product defect,Remain feel tough language.,Closed,Medium,2025-02-28 09:49:35,
348,3334,Account access,Moment pretty firm heavy possible opportunity everybody. Education close his hundred only much enjoy. Which officer energy event.,In Progress,High,2025-06-23 03:38:51,
349,4452,Account access,Test often particular top exactly security. Popular opportunity charge rich age. Parent major decade exactly.,Open,Critical,2025-04-14 21:54:46,2025-07-26 21:25:02
350,4414,Delivery delay,Anyone now force heart better. Dog drive those. Direction performance soon again. Protect available opportunity future soon statement.,Closed,Low,2025-02-07 19:25:29,
351,982,Account access,Man listen address address boy create. Explain during general.,Open,Medium,2025-05-05 19:42:09,2025-11-28 18:19:08
352,606,Account access,Majority color budget Congress service. Environment plant law young live.,Open,Low,2025-03-29 05:29:49,
353,260,Return request,Smile out southern responsibility. Sense dog toward movie major animal improve do. Goal from several.,Open,Critical,2025-07-21 18:07:36,2025-07-19 09:32:41
354,4828,Product defect,Different story guy team section.,Open,High,2025-05-11 20:14:50,
355,357,Delivery delay,General best picture special establish activity. Each north story charge or easy per. Prepare half our rest own issue. Congress study learn while market.,In Progress,Medium,2025-10-30 17:52:26,2025-07-30 18:29:46
356,640,Return request,The Mrs whose start. Seek spend resource word teach. Street fall pass none clear mouth.,Resolved,Low,2025-02-21 14:42:19,2025-07-29 22:53:31
357,2211,Account access,Wall usually against bill without. Worker none region hotel. Fund pick compare attention family teach machine but.,Closed,Low,2024-12-31 22:27:55,2025-09-02 13:46:49
358,80,Account access,Certain spring one administration new.,Resolved,High,2025-10-31 07:39:00,
359,4289,Delivery delay,Charge property rock everyone thousand you though five. Save home question threat anything morning.,Open,Medium,2025-02-26 16:45:20,
360,133,Delivery delay,Visit make challenge raise wait customer family rather. Create few ten. Recently age common capital television employee police.,Closed,High,2025-09-14 18:45:50,2025-12-07 01:05:54
361,492,Payment issue,Series result behind high leave exactly church. Attack specific country along we.,Resolved,High,2025-11-17 14:04:35,
362,124,Payment issue,Physical rule kind local guy should accept help. Send region for foreign. Box me memory scene page bit.,In Progress,Low,2025-04-02 00:20:00,2025-09-19 21:47:47
363,439,Account access,Cut store arm word. Current sign fish physical current officer notice. Position management despite.,In Progress,Medium,2025-08-06 03:21:54,2025-08-19 16:01:32
364,3562,Payment issue,Seven glass father effect security. Government time feel fall deep bar charge example. Onto top include.,Closed,Medium,2025-10-06 01:15:21,2025-12-07 04:51:31
365,1133,Account access,Level political second would body either. Organization book laugh upon.,Resolved,Medium,2025-12-12 02:29:08,2025-10-12 22:06:14
366,2169,Product defect,Seem than idea.,Open,High,2025-07-20 19:43:01,
367,3444,Account access,Soldier analysis ability section would win concern. Senior general son child science rise. Radio suffer ask decision consumer ahead nor address. Conference very east recently catch PM land similar.,Closed,Low,2025-06-21 06:33:24,
368,4338,Account access,Manage begin exist science cut many good project. Pretty buy ground lot debate unit car up. Economic public someone social fund.,Closed,Medium,2025-04-02 04:27:49,2025-10-08 07:42:22
369,3873,Account access,Management general material of myself source condition view. Task partner best draw. Catch get other address might.,In Progress,Medium,2025-05-15 07:28:10,2025-07-25 23:04:17
370,2247,Product defect,Order letter stay investment thousand. Half benefit prevent expect voice.,In Progress,Medium,2025-09-15 00:11:50,2025-07-30 12:37:26
371,4119,Delivery delay,Long chance call threat. High hotel card. Black space nearly experience must clearly.,In Progress,Low,2025-08-15 06:26:12,2025-12-05 21:32:36
372,1321,Delivery delay,Thousand suggest stay task coach. Than professional PM would.,Open,Low,2025-12-03 02:36:28,
373,1691,Payment issue,Cell give trip animal. Technology film they reveal perform.,Open,Critical,2025-02-17 16:36:12,2025-07-31 05:35:11
374,1626,Return request,Wait very try some deal pull kind. Glass compare likely medical plant challenge.,Closed,Medium,2025-05-20 08:04:43,
375,1575,Return request,Floor real west member form then.,Resolved,Critical,2025-09-25 06:47:37,
376,3594,Return request,Power relate wish light. Reason somebody alone board manager figure employee. Method war stop begin.,Closed,Medium,2025-10-21 14:45:58,
377,1954,Return request,Individual movement cell stock do for environmental. End sure detail serve condition none. Discussion black its room allow shake become according.,Closed,Low,2025-03-15 01:22:55,2025-11-22 12:12:25
378,4201,Payment issue,Hit drug else give sing speak white left.,Resolved,Critical,2025-01-12 05:31:07,
379,4882,Product defect,Station thousand trial toward who maybe. Concern many special.,In Progress,High,2025-06-10 17:56:11,2025-07-28 23:38:18
380,1918,Delivery delay,Myself draw receive campaign. Project hope agree. Say food consider agreement site citizen our improve.,Closed,Medium,2025-06-27 20:55:01,2025-10-08 04:01:44
381,3052,Delivery delay,Them together no recognize grow affect continue employee. Community protect PM could young.,Open,Medium,2025-10-25 23:16:16,2025-11-27 21:40:44
382,4475,Product defect,Wide especially develop performance. Everything scene scene also executive light.,In Progress,Medium,2025-01-28 19:28:06,2025-12-01 01:19:56
383,1293,Product defect,Certainly general trial situation state message. Never help charge whose scene record home before.,Open,Medium,2025-01-14 01:42:26,2025-10-31 02:04:44
384,1726,Return request,Pretty from small help speak. Only gas example suggest difficult red weight.,Resolved,Medium,2025-01-13 06:21:42,
385,975,Return request,Example year half well. Happen current trouble few hot not education fine. Analysis other land stock oil them seem.,Resolved,High,2025-04-14 01:10:44,2025-08-28 08:50:48
386,4666,Product defect,Itself apply western beautiful carry low do. Speak spend share your wish.,In Progress,Low,2025-06-05 02:30:39,2025-12-28 11:42:27
387,4904,Product defect,Be whom send end sing line ground show. Year section film case hear light. Left anyone artist appear second dark.,Open,Low,2025-12-08 12:38:54,2025-11-25 11:15:45
388,3075,Product defect,Mrs sense look. Rate everyone project every stop. Say plan role director American.,Resolved,High,2025-07-29 06:51:21,2025-09-12 12:54:39
389,4357,Account access,Clearly standard stock special. Movement answer product court. Contain admit word anything teach. Order attention cut price huge.,Resolved,Critical,2025-12-17 17:23:27,2025-10-13 01:13:06
390,4845,Payment issue,Fill interesting say. Scene authority himself cell result tell service why. Their picture commercial design state million act school.,Open,Low,2025-03-24 11:02:43,
391,2423,Product defect,Hospital anything region. This tell increase floor food yard why.,In Progress,Critical,2025-12-10 03:37:34,2025-09-09 12:09:11
392,3895,Payment issue,Else industry if avoid unit. Economy student try everybody identify act figure too. Car table require.,Open,Low,2025-09-24 16:03:23,2025-08-29 08:13:40
393,4280,Delivery delay,Behavior huge raise important record. Difference simply take check. Age reflect simple seven.,Closed,High,2025-09-03 23:54:35,2025-12-29 18:34:56
394,3551,Return request,Network make out later suddenly pull decade. All less entire development space seat different. Minute onto case draw bank.,In Progress,Critical,2025-06-21 01:43:26,2025-07-25 17:44:14
395,3886,Payment issue,Tv resource investment fact month. Power threat manager sport expert paper.,In Progress,Medium,2025-10-03 06:07:57,2025-07-12 22:15:46
396,4647,Account access,Sometimes baby oil never.,Open,Low,2025-07-03 00:41:49,
397,1285,Return request,Region tree move official article. Decide over executive current yeah reason. Author win area on audience. Light exactly cut no agreement thus.,In Progress,Critical,2025-11-21 13:53:06,2025-12-05 05:06:51
398,1255,Payment issue,Effort outside stuff. None race agent that. Order last field positive everybody why that wrong.,Closed,Low,2025-06-05 23:22:56,
399,2836,Payment issue,Social actually beautiful. Notice quickly moment skin. Fight human alone chair culture parent.,Resolved,High,2025-04-18 19:46:03,2025-12-22 10:04:26
400,2004,Return request,How physical north catch who leg personal voice. Present bring news loss trial. Heart nice establish field war.,Closed,Critical,2025-04-02 04:40:58,2025-07-29 20:22:43
401,3091,Delivery delay,Food minute happy never myself. Budget analysis name subject.,In Progress,High,2025-05-22 00:56:25,2025-08-10 16:35:19
402,2861,Product defect,International wife easy since social value. Later a statement century. Data at story stop. Responsibility choice chance study heavy foreign edge.,Resolved,Medium,2025-11-10 10:42:44,
403,4617,Account access,Great recently person behind operation pass reach. Still my hair sea Mrs company owner.,Open,Critical,2025-04-20 02:52:49,2025-07-27 01:19:04
404,1573,Product defect,Watch middle little bag information. Glass person term century test.,Closed,High,2025-10-24 08:04:55,2025-10-12 08:53:11
405,1139,Return request,Prove bad his thus. Site serve bill your recently run. Right tell may determine approach smile begin.,Resolved,Critical,2025-05-14 17:50:50,2025-10-20 18:15:07
406,631,Return request,Capital able work perhaps away down southern. Me capital happy certain thus seat tough.,Closed,Critical,2025-07-25 06:41:17,2025-09-07 14:18:40
407,4905,Payment issue,Brother cut building find wall imagine nice. Article large win direction leg.,In Progress,Medium,2025-05-14 07:23:09,2025-07-20 07:47:12
408,4372,Return request,Effect either most accept. Particular head Democrat realize leave either page.,Closed,Medium,2025-10-26 10:38:36,
409,2958,Payment issue,Detail special thing. Budget own why know discuss high perhaps.,Resolved,Medium,2025-12-09 06:15:05,2025-09-14 22:34:26
410,34,Product defect,Thousand market purpose rich. Production sit reveal growth too. Around question generation full send build.,Open,Medium,2025-06-30 01:19:46,
411,2895,Account access,Interest commercial special long office. Party government natural agreement music across health. White picture need analysis ahead case base.,Open,Medium,2025-10-04 12:08:01,2025-11-28 22:11:51
412,4075,Delivery delay,Put star true spend different. Sell expert practice interest perhaps every develop they. Cut more find audience international.,In Progress,Critical,2025-10-03 21:09:16,2025-12-28 03:33:00
413,864,Return request,Get myself assume school class own listen. Off various visit understand way. Seem development college according.,Resolved,Low,2025-01-27 13:28:20,2025-11-19 19:34:53
414,4589,Product defect,Service on executive. Near stage wrong his. Career today form go through letter.,In Progress,Critical,2025-06-21 07:35:05,
415,2877,Account access,Hit between sister fly. Capital knowledge leader season citizen be easy may. Top behavior central face.,Resolved,High,2025-10-24 05:23:50,
416,3723,Payment issue,Follow who morning reach. State enjoy large later process degree.,Closed,Low,2025-01-01 23:27:34,2025-10-09 21:23:27
417,4520,Account access,Technology true Mrs represent who break morning. Environmental over understand gas individual. Way computer whether purpose member deep technology sport.,Open,Critical,2025-02-17 01:57:00,
418,1365,Payment issue,Contain rest catch wall imagine fight use. Product a hope me perform. Even former through blood help official. Wife everyone ask education as above will.,Closed,Critical,2025-11-05 23:15:54,2025-11-21 18:57:36
419,1849,Account access,Set dinner fund I. Who service seat system opportunity degree after. Couple impact arm soldier decade.,Resolved,Low,2025-12-02 03:21:06,2025-08-20 06:41:21
420,498,Product defect,It human too let use.,Resolved,Medium,2025-06-03 05:23:11,2025-08-26 00:04:57
421,2546,Return request,Challenge value keep dark campaign ball. Economic receive natural read accept. War region Mrs him.,In Progress,Low,2025-08-28 02:49:30,2025-10-04 22:26:48
422,1567,Delivery delay,Media night total almost happy successful. Per already good exist begin measure.,In Progress,Critical,2025-05-14 02:20:51,
423,1575,Delivery delay,Save here sort. Already meeting quite interview her anyone month.,Closed,Medium,2025-10-22 12:24:47,2025-11-20 02:19:13
424,3294,Account access,Live summer whom not wish call section. Save my single no. Response their every parent ago. Only finish nearly Republican trouble half stuff.,Closed,Medium,2025-06-13 10:24:29,2025-09-06 07:35:36
425,1535,Payment issue,Recently up factor thousand wait indicate. Most western day study another protect call. Arm in position range onto service. Onto American road across production statement member magazine.,Resolved,Critical,2025-12-03 10:04:11,2025-07-09 02:19:38
426,4511,Account access,Stop light add energy. Student success water listen nation exist.,Closed,Medium,2025-08-18 09:16:27,2025-12-16 21:56:34
427,4954,Account access,Send and charge clear. Civil man how yeah opportunity.,Resolved,Medium,2025-06-12 14:23:59,2025-09-03 03:42:10
428,1051,Payment issue,Various watch suddenly consumer tend central beyond.,In Progress,High,2025-02-24 06:19:45,2025-10-03 19:40:07
429,1832,Payment issue,Behind each decide store real daughter.,Closed,Critical,2025-02-23 23:50:04,2025-10-05 14:59:56
430,1010,Delivery delay,Grow discuss them measure four. Tree claim size.,Closed,Low,2025-10-08 17:24:29,
431,4931,Account access,Story push smile something company. Cultural those style southern. Indicate bag successful century owner.,Resolved,High,2025-11-06 07:10:25,2025-11-18 01:50:39
432,102,Account access,Employee onto woman source adult. Finish admit common that myself specific miss.,Closed,Medium,2025-05-24 06:25:44,2025-11-15 05:11:54
433,395,Account access,Population try bank final upon. Clearly minute always rest somebody. Investment particular anyone resource moment keep own.,In Progress,Critical,2025-11-06 21:42:47,
434,1279,Delivery delay,Question themselves direction standard. Sign water sign election stay TV. American imagine sport drop trial business case. However interest rise region.,Resolved,Low,2025-03-18 00:54:45,2025-10-14 22:36:57
435,1946,Product defect,But year I future. Manager professional level happy side trial.,In Progress,High,2025-09-25 19:53:57,2025-08-16 19:18:58
436,776,Payment issue,Agreement modern trial discover. Forget question product second. Prove paper carry could.,Open,Critical,2025-02-23 13:15:21,2025-11-04 18:12:15
437,1468,Account access,Present executive score smile. One look pull explain window own. Become strong state big.,Resolved,Critical,2025-09-24 06:03:40,2025-09-11 11:53:54
438,3815,Return request,Attack computer meet Republican relationship clear. Thus control behind without form radio. Especially nearly benefit task would analysis.,Resolved,Low,2025-06-27 20:17:57,2025-07-23 01:11:30
439,89,Return request,Industry cultural water region ability either. Spring hard tree key.,Open,High,2025-08-18 21:30:21,2025-10-30 10:27:52
440,4720,Return request,Clear operation check office new last art. Task movie stop score analysis choose that during.,Resolved,High,2025-06-12 08:23:25,2025-09-22 04:58:28
441,3655,Return request,Responsibility pass yeah style professor. Concern walk close finish with. Exactly site up various air environment.,Resolved,Critical,2025-07-13 15:48:23,2025-11-30 18:59:03
442,3086,Product defect,Product far bring end physical. Down though sure room create. Forward agency human within.,Resolved,Critical,2025-03-04 03:35:50,2025-10-18 09:31:53
443,2693,Delivery delay,Whom including floor. Station might contain million wife.,In Progress,Medium,2025-09-28 06:09:19,2025-10-15 16:00:07
444,4777,Account access,However often treatment. Community check want actually. Along identify clearly magazine.,Resolved,Critical,2025-06-07 01:31:23,2025-12-10 21:02:48
445,4375,Delivery delay,Ahead training within north. Course reduce reach bar behind.,Closed,Medium,2025-03-29 16:25:13,2025-10-18 05:19:28
446,2131,Product defect,Sing there development many. Indicate hit blood such.,Closed,Medium,2025-07-28 23:08:45,2025-10-21 05:23:07
447,866,Account access,Less reason maybe like option interesting language. Paper very somebody hand. International whether continue key.,Resolved,High,2025-02-26 16:13:09,2025-11-02 03:19:24
448,718,Return request,How kid he result left former. Win pay shake kind final. Process newspaper play heavy fire ground he. Up area already member stay.,In Progress,Medium,2025-02-21 20:39:06,2025-09-24 20:53:33
449,4037,Delivery delay,North full friend author station general might college. Hand personal should serve. Reason fast drive number young language until.,Closed,High,2025-10-19 04:11:24,2025-10-14 18:16:16
450,952,Payment issue,System move around important effect. Certain game man hot political traditional entire.,Open,Medium,2025-07-23 21:31:36,
451,1395,Payment issue,Tough lawyer environmental half trade per against guess. Large degree business miss knowledge nice.,Open,Critical,2025-07-28 13:05:37,2025-07-05 01:14:24
452,3513,Payment issue,Though sometimes seek number those. Although war discussion draw federal. Operation structure culture dog administration.,Resolved,High,2025-05-22 20:58:25,2025-12-12 11:55:06
453,2872,Return request,For area hit area. Method him unit pattern affect compare. With rule indicate tough seek measure.,In Progress,Medium,2025-12-07 02:45:32,
454,4672,Product defect,Activity once music into. Training occur international everybody Democrat born. Situation really information bit.,Open,Medium,2025-10-22 14:28:04,2025-08-25 12:11:14
455,2204,Payment issue,Nature information with institution keep. Network if worker.,In Progress,Low,2025-10-07 12:30:27,2025-09-15 22:09:54
456,2963,Account access,Compare often five laugh. Add follow under late unit partner interest vote. Throughout term away their. Cause evidence onto account item nature owner.,Closed,High,2025-01-19 04:53:05,
457,1113,Product defect,Ball Mrs scene respond. Deep probably stand foreign region reality six explain.,Open,High,2025-04-10 13:29:35,2025-08-01 21:19:39
458,4276,Account access,Decision moment change nice. Provide weight message thank year pressure. Dark mind goal. Affect performance free walk.,Resolved,Medium,2025-11-12 18:47:38,2025-08-14 19:40:11
459,2621,Delivery delay,Practice number girl together. Develop water relate increase glass sort action. Policy information possible Congress visit available ball.,In Progress,Low,2025-10-06 17:07:41,
460,1410,Delivery delay,Kind decide wind least TV prevent. Play edge write pull.,Resolved,Critical,2025-11-10 06:12:58,2025-07-18 01:16:24
461,4467,Return request,Large nation standard. Society believe risk decade.,In Progress,Medium,2025-06-08 01:00:08,2025-11-01 08:17:36
462,4329,Return request,Tv growth popular mention wonder soon everyone. Really tonight and well ball light physical. Project feeling team create they.,In Progress,Critical,2025-07-17 06:08:52,
463,6,Payment issue,Present practice girl series. Special thank former into. Gas respond degree already office hot. Feeling many buy public situation nor thousand.,Resolved,Critical,2025-08-14 23:14:25,2025-09-26 05:52:02
464,1546,Account access,Become media gun generation weight as leader. Recently bar fund item own.,In Progress,High,2025-02-21 08:37:58,2025-08-18 18:33:14
465,2183,Return request,Must goal least born. Change kitchen participant close let ability.,Closed,Critical,2025-06-14 04:31:23,2025-08-02 07:58:11
466,4594,Account access,Protect than material ball us performance likely. Foot dog put term Republican guess million. Hour this hope newspaper.,In Progress,Low,2025-04-23 09:50:15,2025-07-04 07:20:55
467,4911,Delivery delay,Thus trip stuff hold probably fish open politics.,Closed,Medium,2025-02-25 06:47:45,
468,3698,Return request,Every decision administration institution middle. Me unit natural positive. Choice crime wonder election book our.,Open,Critical,2025-12-03 07:50:18,
469,4523,Payment issue,Risk true issue section lot their. Note identify response task field. Pattern face reach far meet.,Open,Critical,2025-08-03 04:17:01,
470,81,Return request,Mean affect maintain sure. Next into political simple party.,Resolved,High,2025-04-04 20:36:38,2025-12-01 12:46:27
471,2600,Account access,Paper often pull garden simply source. Budget prevent skill. Well small current become.,Open,Medium,2025-06-01 01:41:11,2025-08-09 13:41:53
472,1674,Delivery delay,Wear day investment. Such we tree character trouble read rock tell. Girl change challenge miss mention leave.,In Progress,High,2025-01-24 18:36:42,2025-12-22 09:28:47
473,4957,Account access,Product top century lay end research nice. Baby throw picture sing listen.,In Progress,Critical,2025-11-08 05:19:09,2025-07-20 21:40:21
474,2485,Payment issue,Tv edge move find. See candidate break institution lay. However collection night education.,Resolved,Medium,2025-03-08 17:58:08,2025-08-27 08:47:28
475,4004,Payment issue,Subject fly challenge idea cultural.,In Progress,Medium,2025-08-24 16:42:56,
476,496,Product defect,Identify less order a time level. Let capital mention book leave parent cell find.,In Progress,Critical,2025-11-10 13:01:24,
477,1563,Delivery delay,Might case agree first consumer your. Past cost possible.,In Progress,Low,2025-07-23 19:55:52,
478,4455,Account access,Option land major. Police south central today television eat agree. Above opportunity property create physical international can report.,Open,High,2025-03-03 23:16:15,
479,982,Delivery delay,Read box over set page discussion. Information Mr the human spring.,Open,Critical,2025-06-04 07:59:33,2025-07-02 13:17:04
480,1241,Account access,Always skill play phone important remember. Station arm store film quite along police. Serve style may Congress technology base hear.,Resolved,Critical,2025-12-08 13:45:20,2025-07-04 20:19:07
481,3530,Product defect,Operation TV human modern data already north. Represent experience everything clearly bill ball keep laugh.,Open,Critical,2025-12-16 06:34:07,2025-07-17 23:42:22
482,1129,Return request,Recognize office candidate here write position as. Fund business south Mrs child data certain. Old plan central always.,Closed,Low,2025-08-27 01:32:01,2025-12-24 11:26:42
483,4403,Product defect,Some worry grow eat. Amount move response heart economic. Know can over fast successful leader under. Newspaper goal car continue single.,Closed,Low,2025-07-09 01:08:36,2025-07-18 20:13:16
484,2104,Payment issue,Idea floor let wide rich. Sell case front yeah should.,Closed,Critical,2025-06-11 00:18:47,
485,3168,Return request,Crime one thought close small term it measure. Determine amount save fly American money project year. Eye letter cover people.,Closed,High,2025-01-13 00:22:52,2025-08-01 12:08:50
486,784,Account access,Between to senior you pay agent fine. Enjoy capital alone between.,Open,Low,2025-10-27 06:45:07,2025-07-19 04:09:47
487,2994,Account access,Agreement cell husband bring. Crime black car paper during.,Resolved,Low,2025-03-05 22:08:55,
488,949,Account access,Range despite town million skill. Positive run sit act each. Door end maybe both author special decide fall.,In Progress,High,2025-06-24 03:55:20,2025-11-09 02:43:39
489,363,Delivery delay,Fast reduce reach concern. Example then tough like high.,Open,Low,2025-08-02 21:11:24,
490,2850,Delivery delay,Town ability just sense. Old also lay best quickly spend.,Resolved,High,2025-02-10 03:53:00,2025-09-17 05:47:29
491,2102,Payment issue,Phone movie none alone alone health.,In Progress,High,2025-01-16 04:38:16,2025-09-04 20:30:39
492,1201,Return request,Various mouth save. Again whether catch meeting. Future power herself force several seat.,Open,High,2025-06-30 01:00:27,
493,4738,Delivery delay,Think where spend place want whether feel. Matter discussion blue for special.,Closed,Critical,2025-05-06 08:32:51,
494,236,Product defect,Test new line affect fly. Lot stage care pull letter speak relationship.,Resolved,High,2025-09-08 10:20:51,2025-11-01 16:42:10
495,2399,Delivery delay,Argue tough out I push especially research. Public risk their pull could wind four most. Candidate door represent benefit.,In Progress,Medium,2025-12-20 16:45:19,2025-07-09 13:48:05
496,3819,Delivery delay,Western behavior tax from probably high. Manage democratic effect one serious character. Apply some up option whom money.,In Progress,Medium,2025-10-10 07:27:24,2025-08-19 19:25:31
497,4786,Payment issue,Mind purpose exactly wide spring. Place under message suddenly worry. Know those less up rather.,Closed,Low,2025-05-23 01:57:13,2025-11-01 07:44:49
498,208,Return request,Market law speak win look fear show. Better memory event shoulder oil.,Resolved,High,2025-11-14 09:21:44,
499,4238,Delivery delay,Somebody face true kid traditional structure. Fund practice protect.,Closed,Medium,2025-02-14 16:35:28,2025-09-17 12:37:22
500,3923,Delivery delay,Check left since yeah Congress analysis. Traditional result community lay goal entire leg. Leg top possible view window student more.,In Progress,Low,2025-12-27 04:13:16,2025-08-13 10:33:23
501,2857,Product defect,Late participant project. Woman network life will operation today. Without couple worry figure. Think born audience expect government prove.,Resolved,Low,2025-04-06 06:08:26,2025-07-04 20:22:39
502,2061,Payment issue,Few school production popular. Between spring threat television fund realize free. Exactly manager professional majority.,Open,High,2025-07-20 03:08:02,
503,3074,Delivery delay,Never add production Congress everything method position. Action center down education surface. She special mind plant make understand son.,Closed,Critical,2025-10-14 06:55:51,
504,4476,Product defect,Seem deep parent including body show. Exist teach understand visit population hand. New couple north poor.,Open,High,2025-09-18 19:07:19,2025-11-23 15:24:58
505,3765,Product defect,If dark sign step. Speak leave let project industry. One city several agree under bag.,In Progress,High,2025-07-26 19:07:17,
506,4314,Product defect,Letter machine enjoy resource risk position house throw. Age at trouble.,Closed,Critical,2025-03-07 15:50:56,2025-09-27 14:55:36
507,3836,Payment issue,Responsibility perhaps campaign this full much stuff. Real available either month.,In Progress,High,2025-05-03 23:34:17,2025-11-18 00:53:20
508,64,Account access,Throughout thought father myself author kind. Officer hear herself popular level allow add. Political matter society knowledge call.,In Progress,High,2025-02-24 23:46:59,2025-10-01 03:18:52
509,1970,Payment issue,Community trouble boy program go. Animal very fear. Itself cause wall social eye performance.,Resolved,Low,2025-01-10 06:16:27,
510,2068,Product defect,According century home simply north. Vote make rich turn day. Hot time affect represent safe ahead onto moment.,Closed,Critical,2025-11-24 01:55:25,
511,4442,Delivery delay,Brother investment term every. Power wrong forward general seem system improve research. Charge light population save suffer big business.,In Progress,Critical,2025-05-03 13:26:57,
512,725,Return request,Lay suddenly type stock kind raise. Story lose program. Serve nation other chance decide.,In Progress,High,2025-07-13 22:56:48,
513,2817,Delivery delay,Add father role be travel. Decision this college point. Western near resource consider ok Mr. Policy listen student area everyone.,Resolved,Critical,2025-05-21 08:14:10,
514,4841,Account access,Economic positive begin art so. At physical follow carry economy close meet carry. Pattern guy area design he laugh own.,Open,Low,2025-02-22 01:05:13,2025-08-28 05:05:10
515,2182,Delivery delay,Player by season next good. Story issue place hear. Approach yet will ask.,In Progress,Medium,2025-09-27 03:57:51,2025-09-26 11:32:09
516,1859,Account access,Former professor will building. Detail wear morning machine measure.,In Progress,Low,2025-12-04 12:52:10,2025-11-07 14:57:25
517,820,Account access,Receive increase thank reason protect. Catch create blue week cell care easy.,Closed,Critical,2025-06-14 11:35:45,2025-08-17 23:07:22
518,1325,Payment issue,Color prepare movement tend office save culture. Task miss stuff worry husband.,Open,Low,2025-01-28 11:14:34,2025-12-14 08:22:13
519,2699,Account access,Run purpose expert upon civil one cultural now. Travel each occur fill sort analysis main phone. Four nothing plan marriage. Lot discussion able.,Open,Low,2025-03-06 01:20:00,
520,4005,Payment issue,Best page lose think best. Ball beat bed major at. Hundred everybody eye official administration spring.,Open,Medium,2025-01-07 03:44:56,
521,4364,Account access,Sit give leader technology source employee civil myself. Tonight arrive top support. Under discuss cost majority on real government.,Open,Critical,2025-11-13 01:53:14,2025-11-30 05:12:20
522,1955,Payment issue,Kind doctor process strategy stuff. North among rate he themselves hair goal. Meet everything should recent young.,Open,Medium,2025-06-13 02:07:36,2025-12-20 23:16:44
523,2708,Product defect,Member increase ten. Ago management degree question design. Operation coach with month.,In Progress,Medium,2025-12-07 23:13:37,2025-07-27 18:33:40
524,251,Delivery delay,Someone arm hand mind teach around. Five agency nor fly show specific.,Open,Low,2025-12-07 02:15:49,2025-11-28 15:30:40
525,4564,Delivery delay,Budget success during ball win.,Resolved,Critical,2025-08-15 07:09:43,
526,3698,Payment issue,News single talk not laugh task suffer. Community hundred because career life technology machine. Economy then end note poor happy.,Resolved,Medium,2025-03-22 01:47:34,
527,369,Return request,Hundred sister somebody listen enter sell green. Create size who foreign result whether.,Closed,Medium,2025-01-11 13:48:08,2025-07-27 01:44:04
528,947,Delivery delay,Tv personal experience less garden. Purpose talk effect. Technology no end matter.,Closed,High,2025-01-13 11:35:36,
529,252,Account access,Remain still recognize rock term. Back dark stop itself article beautiful town wear.,In Progress,High,2025-11-18 05:18:39,
530,3971,Payment issue,Card necessary several training eight issue brother. Son skin many government defense parent. Sister candidate reason building fine believe view result. Anything family culture often themselves card finally.,Open,Low,2025-07-18 08:13:51,2025-12-06 09:04:59
531,194,Delivery delay,Middle owner language including whose these since prepare. Again trouble born leg situation. Away teacher view rest add father ask.,Closed,High,2025-06-10 19:58:01,2025-10-29 12:51:23
532,3409,Return request,It simply pass discover professional process start. Trial suddenly hundred.,In Progress,Medium,2025-11-29 04:55:56,
533,1358,Delivery delay,Other hot watch power behavior. Want senior drop card large through military whether.,In Progress,Medium,2025-05-23 05:22:19,2025-12-26 18:41:57
534,1336,Payment issue,Listen other beyond discussion movement. Decision gun film white.,Open,Medium,2025-05-12 09:06:27,
535,476,Return request,Cold show total near. Need interview pull read. Lawyer miss without theory system.,Open,Medium,2025-09-23 10:17:49,2025-07-04 19:01:12
536,1972,Product defect,Since international help weight bar support. Understand their Democrat toward on.,Closed,Medium,2025-10-31 15:37:36,
537,491,Product defect,Security maybe ground good.,In Progress,Low,2025-08-15 12:59:02,2025-08-26 12:06:55
538,901,Account access,Moment start play authority party war center send.,Resolved,Critical,2025-04-16 15:09:00,2025-08-13 18:46:22
539,833,Payment issue,Young cost agree.,In Progress,Low,2025-03-30 18:21:30,2025-08-31 16:13:42
540,706,Account access,Decision son kind into really probably here. Have including phone behind across why actually organization.,Open,Low,2024-12-31 14:34:58,
541,4569,Delivery delay,Growth question tax. Various bring box. Memory eight traditional never get.,Open,Critical,2025-04-22 19:49:30,2025-10-28 14:56:20
542,521,Product defect,Party end perform seven school. Past college however think political heart medical. Late group any girl admit bill plan investment. City approach mouth economic gun.,Closed,High,2025-02-19 23:48:58,2025-09-13 21:38:54
543,436,Return request,None officer human address building. Individual often save sing activity soon.,In Progress,High,2025-10-20 15:41:10,
544,1421,Payment issue,Ready expect data. Travel affect get green item. Wind process card those energy begin campaign.,Closed,Critical,2025-03-13 17:34:31,2025-12-28 21:45:57
545,4039,Payment issue,Tax building meet college. Culture effort call there happen new. East during stage scientist fall system experience.,In Progress,Critical,2025-06-11 11:34:50,
546,2803,Return request,Sound difference trip possible commercial of. Hour result agent front culture heart people. Start news fear shoulder.,In Progress,High,2025-08-01 13:24:39,2025-10-30 19:35:07
547,4326,Account access,Ask positive power name discuss lead laugh. Method much establish between. Call cup own interest area child past.,Closed,Critical,2025-10-11 07:48:18,2025-08-02 06:57:15
548,2803,Return request,Discuss environment growth. Mention put study executive loss per exactly.,In Progress,High,2025-08-09 19:59:25,
549,2270,Account access,Election rock likely house wear stay reality. West away book forget challenge bag foot. Air hour scene pressure.,Closed,High,2025-06-08 19:17:49,2025-09-05 09:22:59
550,673,Account access,Week put arm democratic task. Direction own share peace start. Possible guess beat here.,Open,Low,2025-04-03 18:44:43,2025-09-21 01:25:23
551,2882,Account access,Improve player mention wife cup item prevent. Meeting network kid image wide our somebody.,Closed,Medium,2025-04-08 16:22:47,2025-11-19 01:33:58
552,2516,Product defect,No heavy kind across. Make down measure policy three consumer.,Closed,Low,2025-02-10 02:01:36,2025-11-27 07:27:28
553,2184,Return request,Break heavy American marriage.,Closed,Low,2025-09-17 06:55:00,2025-12-25 07:19:07
554,1065,Return request,Project short fire on college artist up. Particularly general responsibility itself yet occur while.,Resolved,Critical,2025-08-03 04:46:19,2025-08-13 08:03:04
555,260,Return request,Cup per attention stage. Paper throw because card total. Perform wonder best amount attorney American.,Resolved,Medium,2025-12-11 19:28:02,2025-12-17 23:27:28
556,4585,Product defect,Safe film couple list. Third most knowledge draw argue various soldier. Modern across sport next we season.,Resolved,Medium,2025-07-05 01:51:41,2025-11-02 09:04:37
557,3927,Return request,Special add game every if. Mission mind manager else wind. Customer stand little operation.,Resolved,Critical,2025-07-20 14:28:38,
558,2624,Return request,Ball question off expert hospital. Computer dark not take.,Closed,Critical,2025-05-08 04:27:15,2025-09-21 10:42:46
559,2862,Account access,Rise although way hard much minute radio certain. Whether boy star culture name through. Population concern do future according direction.,Closed,Low,2025-10-02 15:40:51,2025-10-15 19:24:00
560,722,Return request,Indeed theory development when notice. Individual him student ago goal become.,Resolved,Low,2025-01-23 11:00:41,
561,4068,Account access,Develop to increase way program table alone. What someone matter property.,Open,Critical,2025-03-17 20:05:21,2025-11-07 06:38:17
562,3641,Delivery delay,View place worry soon. Think stand shoulder spring. Line nature determine.,Open,Low,2025-12-17 20:49:39,
563,3503,Delivery delay,Your great argue. Hospital hundred care detail media brother service. History scene kid eat year only.,Open,Critical,2025-08-04 13:55:17,
564,2369,Account access,Just guess speak staff sure.,Open,Low,2025-11-27 19:25:22,2025-09-19 17:55:47
565,971,Account access,Old end Congress then.,Resolved,Medium,2025-09-06 14:16:26,
566,492,Payment issue,Out memory if outside sometimes.,Resolved,Medium,2025-10-25 03:49:27,2025-09-18 16:55:45
567,3119,Payment issue,Shoulder near article life.,Closed,Medium,2025-06-22 00:51:30,
568,1755,Payment issue,Special military these. Skill could police ahead.,Resolved,Medium,2025-05-25 21:56:43,2025-12-01 15:54:45
569,3847,Product defect,You possible I follow stuff. Hope suggest either herself result beyond. Type middle whatever job.,Resolved,Critical,2025-01-22 16:06:25,2025-08-02 01:08:39
570,3355,Payment issue,Drive tend trip. Can window president key mother smile. Several born better side character long standard check.,Closed,High,2025-06-10 09:07:35,2025-11-04 17:41:27
571,4164,Return request,Protect south business sister lead remain. Story again consider power huge home ask. Onto Mr available they most fast.,In Progress,High,2025-07-04 01:01:17,2025-08-31 03:34:32
572,4225,Return request,Himself view natural baby this. Act hundred both. Model hold perform mind single.,In Progress,Critical,2025-05-04 12:31:08,2025-08-15 06:25:03
573,3713,Payment issue,Product attack build party surface successful available.,Open,Medium,2025-10-04 13:52:20,2025-07-31 12:25:23
574,4598,Payment issue,Piece send stand blood determine close. Morning political of bring sort election.,In Progress,High,2025-04-02 05:08:52,2025-09-03 16:23:47
575,1169,Account access,Talk myself despite act meet concern. Outside message physical little half.,In Progress,High,2025-12-01 02:57:48,
576,4210,Payment issue,Window knowledge blood your phone. Language relate notice firm night whom. Its send lose tree sometimes off sing.,Closed,Low,2025-11-28 08:57:00,
577,896,Delivery delay,The expert open which hair test recently. Her while pull bank for concern. Along since well daughter compare.,Resolved,High,2025-02-10 03:41:00,
578,2250,Account access,Set stage stand tough sense. Painting peace develop much risk carry.,Closed,Low,2025-05-18 00:54:56,2025-07-20 11:04:21
579,1690,Delivery delay,Believe could yes despite exactly. Per writer change step there control method.,Open,Medium,2025-11-23 07:53:52,2025-11-11 05:48:25
580,4604,Delivery delay,Song three green year. Difference theory eye reveal economy believe. Right usually until world quickly.,In Progress,Medium,2025-08-05 16:32:44,2025-11-22 10:01:22
581,1937,Delivery delay,Dinner respond run free direction explain investment. Professor boy allow check. Keep air nation college several.,In Progress,Medium,2025-06-18 14:31:56,2025-11-03 07:06:32
582,424,Payment issue,Case indeed newspaper image teach military case between. Because box religious why girl its. Individual this trouble hotel send fine easy.,Resolved,Critical,2025-05-30 09:36:20,2025-08-12 12:57:50
583,1527,Product defect,Speech more record energy finally. Note old group continue or billion evening. Great have ball late strong. Energy no quickly though room call school.,Closed,High,2025-01-15 03:19:51,2025-08-19 09:51:49
584,339,Product defect,Sign garden sense between hit throw. Crime general street receive own rather item itself. Young wrong stand create.,In Progress,Medium,2025-10-26 00:37:42,2025-09-17 08:55:22
585,4860,Account access,Administration method possible under. Writer company view national culture employee.,Resolved,Medium,2025-05-10 13:32:55,2025-10-30 03:34:27
586,4475,Delivery delay,Technology enough space fire.,In Progress,Medium,2025-08-21 03:16:13,2025-07-09 09:28:57
587,1610,Payment issue,Matter family member then next his. Indeed red strategy key news commercial shake.,Closed,Medium,2025-03-17 13:49:15,2025-08-07 00:55:41
588,3374,Return request,Measure behavior debate family method. Congress quality black behavior bill generation.,Open,Critical,2025-09-02 10:04:34,
589,4765,Return request,Ability program country look able cover authority. Sound coach ever.,In Progress,Medium,2025-03-07 13:54:22,2025-12-10 06:47:07
590,1776,Return request,Kind system under either church glass then force. Democrat around hard produce must wish.,Resolved,High,2025-10-25 09:56:32,
591,4785,Payment issue,Case apply check thank half speak music them. Hour enter source. Window name church not stage economic.,Closed,Critical,2025-05-10 21:50:48,2025-07-14 12:13:29
592,3561,Product defect,Police service speak our. Drive side pass station baby suffer. Concern form home meet case son film. Describe name power character west effort.,In Progress,Low,2025-02-15 05:57:27,2025-09-27 17:27:04
593,1179,Payment issue,Special media someone. Charge heart one admit new manager.,Closed,High,2025-03-08 08:18:56,2025-08-21 11:38:15
594,4700,Account access,Sit treat may later society. Then act husband hour bar sell in stage. Life contain Congress major sell man perform.,In Progress,Critical,2025-12-02 11:25:51,2025-10-09 01:27:36
595,2868,Return request,Use spring on between allow despite. Team bar top first.,Resolved,Low,2025-10-07 07:13:32,2025-07-14 23:33:57
596,4694,Delivery delay,Special middle month develop why. Social care fight film must.,In Progress,High,2025-03-09 17:56:42,2025-10-02 22:27:45
597,4641,Return request,Agent into difference than today keep no. Address cause son woman. Arrive such catch Democrat from million.,Resolved,High,2025-10-11 09:25:24,
598,2567,Delivery delay,Myself situation report war process us practice. Sing expert rate example.,Closed,Critical,2025-04-28 03:09:58,2025-08-31 23:31:32
599,4570,Payment issue,And course manager she card. Particular success decade be defense size yeah stage.,In Progress,High,2025-09-04 17:22:41,2025-10-19 15:02:31
600,4935,Product defect,Girl fund site. Eat claim shoulder from address.,In Progress,Medium,2025-12-12 20:14:13,2025-08-08 10:30:45
